# ,P5 - Mesh Element Size [mm],P11 - LefttoInlet [m],P12 - RighttoInlet [m],P15 - Vertical [m],P16 - Angle of Attack [degree],P6 - xForce [N],P7 - Mesh Elements,P8 - yForce [N],P13 - lift-coefficient-op,P14 - drag-coefficient-op,P17 - drag-force-op [N],P18 - lift-force-op [N]
DP 148,1000,10,14,10,0,7.80814,1147,195.926,0.46505662,0.018533627,76.021897,2008.7611
DP 151,800,10,14,10,0,7.85863,1257,193.186,0.45855092,0.01865347,76.021897,2008.7611
DP 146,500,10,14,10,0,7.87965,1869,196.056,0.46536458,0.018703368,76.021897,2008.7611
DP 147,400,10,14,10,0,7.74078,2391,194.547,0.46178145,0.018373744,76.021897,2008.7611
DP 142,300,10,14,10,0,7.60227,3493,200.856,0.47675876,0.018044959,76.021897,2008.7611
DP 149,200,10,14,10,0,6.25276,6724,172.191,0.40871736,0.014841723,76.021897,2008.7611
DP 150,100,10,14,10,0,4.76368,24581,130.268,0.30920747,0.011307203,76.021897,2008.7611
