inletToAirfoil,liftCoefficient,dragCoefficient
9.00,0.47096680000,0.01821568100
9.20,0.47362109000,0.01814535600
10.00,0.47135653000,0.01795697900
10.50,0.46551757000,0.01794303500
11.50,0.46819833000,0.01792286800
13.00,0.46196466000,0.01793472000
