outletToAirfoil,dragCoeff
13,0.018157154
14,0.018044983
15.5,0.018030358
17,0.018044552
18,0.018048582
19,0.018042148
